https://rillonline.wordpress.com/2006/11/28/elwood/,https://rillonline.wordpress.com/posts/2006/11/28/elwood.html
https://rillonline.wordpress.com/2006/11/29/life-here/,https://rillonline.wordpress.com/posts/2006/11/29/life-here.html
https://rillonline.wordpress.com/2006/11/30/harness-all-the-time/,https://rillonline.wordpress.com/posts/2006/11/30/harness-all-the-time.html
https://rillonline.wordpress.com/2006/11/30/south-street-route/,https://rillonline.wordpress.com/posts/2006/11/30/south-street-route.html
https://rillonline.wordpress.com/2006/12/01/morning-people/,https://rillonline.wordpress.com/posts/2006/12/01/morning-people.html
https://rillonline.wordpress.com/2006/12/01/difficult-day/,https://rillonline.wordpress.com/posts/2006/12/01/difficult-day.html
https://rillonline.wordpress.com/2006/12/02/solo/,https://rillonline.wordpress.com/posts/2006/12/02/solo.html
https://rillonline.wordpress.com/2006/12/04/sunday-and-monday-morning/,https://rillonline.wordpress.com/posts/2006/12/04/sunday-and-monday-morning.html
https://rillonline.wordpress.com/2006/12/04/elm-street-route/,https://rillonline.wordpress.com/posts/2006/12/04/elm-street-route.html
https://rillonline.wordpress.com/2006/12/05/local-color/,https://rillonline.wordpress.com/posts/2006/12/05/local-color.html
https://rillonline.wordpress.com/2006/12/08/hound-dog/,https://rillonline.wordpress.com/posts/2006/12/08/hound-dog.html
https://rillonline.wordpress.com/2006/12/09/fasten-your-seat-belts/,https://rillonline.wordpress.com/posts/2006/12/09/fasten-your-seat-belts.html
https://rillonline.wordpress.com/2006/12/11/picture/,https://rillonline.wordpress.com/posts/2006/12/11/picture.html
https://rillonline.wordpress.com/2006/12/13/low-places/,https://rillonline.wordpress.com/posts/2006/12/13/low-places.html
https://rillonline.wordpress.com/2006/12/13/going-home/,https://rillonline.wordpress.com/posts/2006/12/13/going-home.html
https://rillonline.wordpress.com/2006/12/14/home-again/,https://rillonline.wordpress.com/posts/2006/12/14/home-again.html
https://rillonline.wordpress.com/2006/12/15/first-day-home/,https://rillonline.wordpress.com/posts/2006/12/15/first-day-home.html
https://rillonline.wordpress.com/2005/05/01/weekly-message-working/,https://rillonline.wordpress.com/posts/2005/05/01/weekly-message-working.html
https://rillonline.wordpress.com/2005/05/28/everyones-a-critic/,https://rillonline.wordpress.com/posts/2005/05/28/everyones-a-critic.html
https://rillonline.wordpress.com/2006/12/16/church/,https://rillonline.wordpress.com/posts/2006/12/16/church.html
https://rillonline.wordpress.com/2006/12/16/church-2/,https://rillonline.wordpress.com/posts/2006/12/16/church-2.html
https://rillonline.wordpress.com/2006/12/23/what-a-week/,https://rillonline.wordpress.com/posts/2006/12/23/what-a-week.html
https://rillonline.wordpress.com/2006/12/25/merry-christmas/,https://rillonline.wordpress.com/posts/2006/12/25/merry-christmas.html
https://rillonline.wordpress.com/2006/12/27/on-socks-and-mats-and-colds/,https://rillonline.wordpress.com/posts/2006/12/27/on-socks-and-mats-and-colds.html
https://rillonline.wordpress.com/2007/01/02/seasoned-traveler/,https://rillonline.wordpress.com/posts/2007/01/02/seasoned-traveler.html
https://rillonline.wordpress.com/2007/01/07/silly-dog/,https://rillonline.wordpress.com/posts/2007/01/07/silly-dog.html
https://rillonline.wordpress.com/2007/01/08/two-today/,https://rillonline.wordpress.com/posts/2007/01/08/two-today.html
https://rillonline.wordpress.com/2007/01/08/greetings/,https://rillonline.wordpress.com/posts/2007/01/08/greetings.html
https://rillonline.wordpress.com/2007/01/09/accessibility-or-not/,https://rillonline.wordpress.com/posts/2007/01/09/accessibility-or-not.html
https://rillonline.wordpress.com/2007/01/09/snow/,https://rillonline.wordpress.com/posts/2007/01/09/snow.html
https://rillonline.wordpress.com/2007/01/11/cold-and-snowy/,https://rillonline.wordpress.com/posts/2007/01/11/cold-and-snowy.html
https://rillonline.wordpress.com/2007/01/16/update/,https://rillonline.wordpress.com/posts/2007/01/16/update.html
https://rillonline.wordpress.com/2007/01/17/safe-streets/,https://rillonline.wordpress.com/posts/2007/01/17/safe-streets.html
https://rillonline.wordpress.com/2007/01/20/contentment/,https://rillonline.wordpress.com/posts/2007/01/20/contentment.html
https://rillonline.wordpress.com/2007/01/22/spring/,https://rillonline.wordpress.com/posts/2007/01/22/spring.html
https://rillonline.wordpress.com/2007/01/23/unintended-consequences/,https://rillonline.wordpress.com/posts/2007/01/23/unintended-consequences.html
https://rillonline.wordpress.com/2007/01/25/low-gear/,https://rillonline.wordpress.com/posts/2007/01/25/low-gear.html
https://rillonline.wordpress.com/2007/01/29/trusty-dog/,https://rillonline.wordpress.com/posts/2007/01/29/trusty-dog.html
https://rillonline.wordpress.com/2007/02/05/where-was-moses-when-the-lights-went-out/,https://rillonline.wordpress.com/posts/2007/02/05/where-was-moses-when-the-lights-went-out.html
https://rillonline.wordpress.com/2007/02/20/i-gotta-go/,https://rillonline.wordpress.com/posts/2007/02/20/i-gotta-go.html
https://rillonline.wordpress.com/2007/02/25/popcylcle/,https://rillonline.wordpress.com/posts/2007/02/25/popcylcle.html
https://rillonline.wordpress.com/2007/03/04/practical-joker/,https://rillonline.wordpress.com/posts/2007/03/04/practical-joker.html
https://rillonline.wordpress.com/2007/03/17/a-week/,https://rillonline.wordpress.com/posts/2007/03/17/a-week.html
https://rillonline.wordpress.com/2007/03/19/dog-food/,https://rillonline.wordpress.com/posts/2007/03/19/dog-food.html
https://rillonline.wordpress.com/2007/04/06/im-dreaming-of-a-white-easter/,https://rillonline.wordpress.com/posts/2007/04/06/im-dreaming-of-a-white-easter.html
https://rillonline.wordpress.com/2007/04/06/one-more-thing/,https://rillonline.wordpress.com/posts/2007/04/06/one-more-thing.html
https://rillonline.wordpress.com/2007/04/07/dog-humor/,https://rillonline.wordpress.com/posts/2007/04/07/dog-humor.html
https://rillonline.wordpress.com/2007/04/08/gospeler/,https://rillonline.wordpress.com/posts/2007/04/08/gospeler.html
https://rillonline.wordpress.com/2007/04/22/ups-and-downs/,https://rillonline.wordpress.com/posts/2007/04/22/ups-and-downs.html
https://rillonline.wordpress.com/2007/04/22/ups-and-downs-2/,https://rillonline.wordpress.com/posts/2007/04/22/ups-and-downs-2.html
https://rillonline.wordpress.com/2007/05/19/5k/,https://rillonline.wordpress.com/posts/2007/05/19/5k.html
https://rillonline.wordpress.com/2007/05/27/lucydays/,https://rillonline.wordpress.com/posts/2007/05/27/lucydays.html
https://rillonline.wordpress.com/2007/05/27/lucydays-2/,https://rillonline.wordpress.com/posts/2007/05/27/lucydays-2.html
https://rillonline.wordpress.com/2007/08/03/east-2nd-street/,https://rillonline.wordpress.com/posts/2007/08/03/east-2nd-street.html
https://rillonline.wordpress.com/2007/08/03/east-2nd-street-2/,https://rillonline.wordpress.com/posts/2007/08/03/east-2nd-street-2.html
https://rillonline.wordpress.com/2007/08/03/taste-of-jamestown/,https://rillonline.wordpress.com/posts/2007/08/03/taste-of-jamestown.html
https://rillonline.wordpress.com/2007/08/04/river-walk/,https://rillonline.wordpress.com/posts/2007/08/04/river-walk.html
https://rillonline.wordpress.com/2007/08/04/pebbles/,https://rillonline.wordpress.com/posts/2007/08/04/pebbles.html
https://rillonline.wordpress.com/2007/08/06/learning-the-route/,https://rillonline.wordpress.com/posts/2007/08/06/learning-the-route.html
https://rillonline.wordpress.com/2007/08/06/mailing-letters/,https://rillonline.wordpress.com/posts/2007/08/06/mailing-letters.html
https://rillonline.wordpress.com/2007/08/08/the-spa/,https://rillonline.wordpress.com/posts/2007/08/08/the-spa.html
https://rillonline.wordpress.com/2007/08/08/ucky/,https://rillonline.wordpress.com/posts/2007/08/08/ucky.html
https://rillonline.wordpress.com/2007/08/09/first-week-on-the-job/,https://rillonline.wordpress.com/posts/2007/08/09/first-week-on-the-job.html
https://rillonline.wordpress.com/2007/08/10/5k-2/,https://rillonline.wordpress.com/posts/2007/08/10/5k-2.html
https://rillonline.wordpress.com/2007/08/10/5k-3/,https://rillonline.wordpress.com/posts/2007/08/10/5k-3.html
https://rillonline.wordpress.com/2007/08/13/sitting-on-the-grass-by-the-river/,https://rillonline.wordpress.com/posts/2007/08/13/sitting-on-the-grass-by-the-river.html
https://rillonline.wordpress.com/2007/08/13/elwoods-ideas/,https://rillonline.wordpress.com/posts/2007/08/13/elwoods-ideas.html
https://rillonline.wordpress.com/2007/08/14/reworking-the-route/,https://rillonline.wordpress.com/posts/2007/08/14/reworking-the-route.html
https://rillonline.wordpress.com/2007/08/15/elwood-and-the-towel/,https://rillonline.wordpress.com/posts/2007/08/15/elwood-and-the-towel.html
https://rillonline.wordpress.com/2007/08/17/elwood-up-to-no-good/,https://rillonline.wordpress.com/posts/2007/08/17/elwood-up-to-no-good.html
https://rillonline.wordpress.com/2007/08/17/fat-face/,https://rillonline.wordpress.com/posts/2007/08/17/fat-face.html
https://rillonline.wordpress.com/2007/08/18/glorious-day/,https://rillonline.wordpress.com/posts/2007/08/18/glorious-day.html
https://rillonline.wordpress.com/2007/08/23/more-pictures/,https://rillonline.wordpress.com/posts/2007/08/23/more-pictures.html
https://rillonline.wordpress.com/2007/08/30/toes/,https://rillonline.wordpress.com/posts/2007/08/30/toes.html
https://rillonline.wordpress.com/2007/09/03/no-common-sense/,https://rillonline.wordpress.com/posts/2007/09/03/no-common-sense.html
https://rillonline.wordpress.com/2007/09/12/out-and-about/,https://rillonline.wordpress.com/posts/2007/09/12/out-and-about.html
https://rillonline.wordpress.com/2007/09/12/the-name-elwood/,https://rillonline.wordpress.com/posts/2007/09/12/the-name-elwood.html
https://rillonline.wordpress.com/2007/09/22/mailbox/,https://rillonline.wordpress.com/posts/2007/09/22/mailbox.html
https://rillonline.wordpress.com/2007/09/29/exploring/,https://rillonline.wordpress.com/posts/2007/09/29/exploring.html
https://rillonline.wordpress.com/2007/09/30/upon-further-investigation/,https://rillonline.wordpress.com/posts/2007/09/30/upon-further-investigation.html
https://rillonline.wordpress.com/2007/10/04/grease-spots/,https://rillonline.wordpress.com/posts/2007/10/04/grease-spots.html
https://rillonline.wordpress.com/2007/10/04/grease-spots-2/,https://rillonline.wordpress.com/posts/2007/10/04/grease-spots-2.html
https://rillonline.wordpress.com/2007/10/22/out-and-about-2/,https://rillonline.wordpress.com/posts/2007/10/22/out-and-about-2.html
https://rillonline.wordpress.com/2008/01/08/elwood-is-three/,https://rillonline.wordpress.com/posts/2008/01/08/elwood-is-three.html
https://rillonline.wordpress.com/2008/01/25/at-home/,https://rillonline.wordpress.com/posts/2008/01/25/at-home.html
https://rillonline.wordpress.com/2008/01/31/12908/,https://rillonline.wordpress.com/posts/2008/01/31/12908.html
https://rillonline.wordpress.com/2008/01/31/12908-2/,https://rillonline.wordpress.com/posts/2008/01/31/12908-2.html
https://rillonline.wordpress.com/2008/01/31/13008/,https://rillonline.wordpress.com/posts/2008/01/31/13008.html
https://rillonline.wordpress.com/2008/02/01/around-town/,https://rillonline.wordpress.com/posts/2008/02/01/around-town.html
https://rillonline.wordpress.com/2008/02/01/2108/,https://rillonline.wordpress.com/posts/2008/02/01/2108.html
https://rillonline.wordpress.com/2008/02/24/cabin-fever/,https://rillonline.wordpress.com/posts/2008/02/24/cabin-fever.html
https://rillonline.wordpress.com/2008/02/24/cabin-fever-2/,https://rillonline.wordpress.com/posts/2008/02/24/cabin-fever-2.html
https://rillonline.wordpress.com/2008/03/28/easter-ham/,https://rillonline.wordpress.com/posts/2008/03/28/easter-ham.html
https://rillonline.wordpress.com/2008/04/11/elephant-in-the-room/,https://rillonline.wordpress.com/posts/2008/04/11/elephant-in-the-room.html
https://rillonline.wordpress.com/2008/04/11/elephant-in-the-room-2/,https://rillonline.wordpress.com/posts/2008/04/11/elephant-in-the-room-2.html
https://rillonline.wordpress.com/2008/05/13/where-the-sidewalk-ends/,https://rillonline.wordpress.com/posts/2008/05/13/where-the-sidewalk-ends.html
https://rillonline.wordpress.com/2008/05/13/where-the-sidewalk-ends-2/,https://rillonline.wordpress.com/posts/2008/05/13/where-the-sidewalk-ends-2.html
https://rillonline.wordpress.com/2008/06/27/62708/,https://rillonline.wordpress.com/posts/2008/06/27/62708.html
https://rillonline.wordpress.com/2008/06/28/saturday/,https://rillonline.wordpress.com/posts/2008/06/28/saturday.html
https://rillonline.wordpress.com/2008/06/30/rough-waters/,https://rillonline.wordpress.com/posts/2008/06/30/rough-waters.html
https://rillonline.wordpress.com/2008/07/01/walks/,https://rillonline.wordpress.com/posts/2008/07/01/walks.html
https://rillonline.wordpress.com/2008/07/01/walks-2/,https://rillonline.wordpress.com/posts/2008/07/01/walks-2.html
https://rillonline.wordpress.com/2008/07/02/move-update/,https://rillonline.wordpress.com/posts/2008/07/02/move-update.html
https://rillonline.wordpress.com/2008/07/02/move-update-2/,https://rillonline.wordpress.com/posts/2008/07/02/move-update-2.html
https://rillonline.wordpress.com/2008/07/03/apartment-first-impressions/,https://rillonline.wordpress.com/posts/2008/07/03/apartment-first-impressions.html
https://rillonline.wordpress.com/2008/07/03/apartment-first-impressions-2/,https://rillonline.wordpress.com/posts/2008/07/03/apartment-first-impressions-2.html
https://rillonline.wordpress.com/2008/07/07/weekend/,https://rillonline.wordpress.com/posts/2008/07/07/weekend.html
https://rillonline.wordpress.com/2008/07/08/slow-progress/,https://rillonline.wordpress.com/posts/2008/07/08/slow-progress.html
https://rillonline.wordpress.com/2008/07/08/slow-progress-2/,https://rillonline.wordpress.com/posts/2008/07/08/slow-progress-2.html
https://rillonline.wordpress.com/2008/07/10/bait-and-switch/,https://rillonline.wordpress.com/posts/2008/07/10/bait-and-switch.html
https://rillonline.wordpress.com/2008/07/10/the-plot-thickens/,https://rillonline.wordpress.com/posts/2008/07/10/the-plot-thickens.html
https://rillonline.wordpress.com/2008/07/10/the-plot-thickens-2/,https://rillonline.wordpress.com/posts/2008/07/10/the-plot-thickens-2.html
https://rillonline.wordpress.com/2008/07/10/walking-in-the-rain/,https://rillonline.wordpress.com/posts/2008/07/10/walking-in-the-rain.html
https://rillonline.wordpress.com/2008/07/11/a-new-chapter/,https://rillonline.wordpress.com/posts/2008/07/11/a-new-chapter.html
https://rillonline.wordpress.com/2008/07/14/71308/,https://rillonline.wordpress.com/posts/2008/07/14/71308.html
https://rillonline.wordpress.com/2008/07/23/catching-up/,https://rillonline.wordpress.com/posts/2008/07/23/catching-up.html
https://rillonline.wordpress.com/2008/07/25/staying-put/,https://rillonline.wordpress.com/posts/2008/07/25/staying-put.html
https://rillonline.wordpress.com/2008/07/26/maiden-voyage/,https://rillonline.wordpress.com/posts/2008/07/26/maiden-voyage.html
https://rillonline.wordpress.com/2008/07/27/72708/,https://rillonline.wordpress.com/posts/2008/07/27/72708.html
https://rillonline.wordpress.com/2008/07/31/busy-day/,https://rillonline.wordpress.com/posts/2008/07/31/busy-day.html
https://rillonline.wordpress.com/2008/08/03/weekend-2/,https://rillonline.wordpress.com/posts/2008/08/03/weekend-2.html
https://rillonline.wordpress.com/2008/08/07/out-and-about-3/,https://rillonline.wordpress.com/posts/2008/08/07/out-and-about-3.html
https://rillonline.wordpress.com/2008/08/11/details/,https://rillonline.wordpress.com/posts/2008/08/11/details.html
https://rillonline.wordpress.com/2008/08/11/details-2/,https://rillonline.wordpress.com/posts/2008/08/11/details-2.html
https://rillonline.wordpress.com/2008/08/19/jasmin-tea/,https://rillonline.wordpress.com/posts/2008/08/19/jasmin-tea.html
https://rillonline.wordpress.com/2008/08/20/one-mystery-solved/,https://rillonline.wordpress.com/posts/2008/08/20/one-mystery-solved.html
https://rillonline.wordpress.com/2008/08/25/j-walker/,https://rillonline.wordpress.com/posts/2008/08/25/j-walker.html
https://rillonline.wordpress.com/2008/08/25/newsletter-article/,https://rillonline.wordpress.com/posts/2008/08/25/newsletter-article.html
https://rillonline.wordpress.com/2008/08/26/interrior-decorating/,https://rillonline.wordpress.com/posts/2008/08/26/interrior-decorating.html
https://rillonline.wordpress.com/2008/08/29/out-and-about-4/,https://rillonline.wordpress.com/posts/2008/08/29/out-and-about-4.html
https://rillonline.wordpress.com/2008/09/08/drum-choir/,https://rillonline.wordpress.com/posts/2008/09/08/drum-choir.html
https://rillonline.wordpress.com/2008/09/15/wonderful-day/,https://rillonline.wordpress.com/posts/2008/09/15/wonderful-day.html
https://rillonline.wordpress.com/2008/09/16/library-and-other-adventures/,https://rillonline.wordpress.com/posts/2008/09/16/library-and-other-adventures.html
https://rillonline.wordpress.com/2008/09/20/in-the-kitchen-and-other-adventures/,https://rillonline.wordpress.com/posts/2008/09/20/in-the-kitchen-and-other-adventures.html
https://rillonline.wordpress.com/2008/09/22/pleasant-day/,https://rillonline.wordpress.com/posts/2008/09/22/pleasant-day.html
https://rillonline.wordpress.com/2008/09/25/shopping/,https://rillonline.wordpress.com/posts/2008/09/25/shopping.html
https://rillonline.wordpress.com/2008/09/27/herding-cats/,https://rillonline.wordpress.com/posts/2008/09/27/herding-cats.html
https://rillonline.wordpress.com/2008/09/27/a-m-radio/,https://rillonline.wordpress.com/posts/2008/09/27/a-m-radio.html
https://rillonline.wordpress.com/2008/10/01/brrr/,https://rillonline.wordpress.com/posts/2008/10/01/brrr.html
https://rillonline.wordpress.com/2008/10/02/no-wonder/,https://rillonline.wordpress.com/posts/2008/10/02/no-wonder.html
https://rillonline.wordpress.com/2008/10/06/taize-and-other-ventures/,https://rillonline.wordpress.com/posts/2008/10/06/taize-and-other-ventures.html
https://rillonline.wordpress.com/2008/10/06/how-it-went/,https://rillonline.wordpress.com/posts/2008/10/06/how-it-went.html
https://rillonline.wordpress.com/2008/10/07/pacifica-radio/,https://rillonline.wordpress.com/posts/2008/10/07/pacifica-radio.html
https://rillonline.wordpress.com/2008/10/10/what-kind-of-radio-station/,https://rillonline.wordpress.com/posts/2008/10/10/what-kind-of-radio-station.html
https://rillonline.wordpress.com/2008/10/20/on-pumpkins-and-things/,https://rillonline.wordpress.com/posts/2008/10/20/on-pumpkins-and-things.html
https://rillonline.wordpress.com/2008/10/30/out-and-about-5/,https://rillonline.wordpress.com/posts/2008/10/30/out-and-about-5.html
https://rillonline.wordpress.com/2008/10/30/out-and-about-6/,https://rillonline.wordpress.com/posts/2008/10/30/out-and-about-6.html
https://rillonline.wordpress.com/2008/10/31/103108/,https://rillonline.wordpress.com/posts/2008/10/31/103108.html
https://rillonline.wordpress.com/2008/11/04/11408/,https://rillonline.wordpress.com/posts/2008/11/04/11408.html
https://rillonline.wordpress.com/2008/11/04/11408-2/,https://rillonline.wordpress.com/posts/2008/11/04/11408-2.html
https://rillonline.wordpress.com/2008/11/07/washington-island-hotel/,https://rillonline.wordpress.com/posts/2008/11/07/washington-island-hotel.html
https://rillonline.wordpress.com/2008/11/07/washington-island-hotel-2/,https://rillonline.wordpress.com/posts/2008/11/07/washington-island-hotel-2.html
https://rillonline.wordpress.com/2008/11/25/in-my-lap/,https://rillonline.wordpress.com/posts/2008/11/25/in-my-lap.html
https://rillonline.wordpress.com/2008/12/12/259/,https://rillonline.wordpress.com/posts/2008/12/12/259.html
https://rillonline.wordpress.com/2008/12/12/257/,https://rillonline.wordpress.com/posts/2008/12/12/257.html
https://rillonline.wordpress.com/2008/12/12/258/,https://rillonline.wordpress.com/posts/2008/12/12/258.html
https://rillonline.wordpress.com/2008/12/13/first-annual-cookie-bake/,https://rillonline.wordpress.com/posts/2008/12/13/first-annual-cookie-bake.html
https://rillonline.wordpress.com/2008/12/18/on-snow/,https://rillonline.wordpress.com/posts/2008/12/18/on-snow.html
https://rillonline.wordpress.com/2008/12/18/on-snow-2/,https://rillonline.wordpress.com/posts/2008/12/18/on-snow-2.html
https://rillonline.wordpress.com/2008/12/20/saturday-afternoon/,https://rillonline.wordpress.com/posts/2008/12/20/saturday-afternoon.html
https://rillonline.wordpress.com/2009/01/01/the-women-of-madison/,https://rillonline.wordpress.com/posts/2009/01/01/the-women-of-madison.html
https://rillonline.wordpress.com/2009/01/02/more-adventures/,https://rillonline.wordpress.com/posts/2009/01/02/more-adventures.html
https://rillonline.wordpress.com/2009/01/08/happy-birthday-elwood/,https://rillonline.wordpress.com/posts/2009/01/08/happy-birthday-elwood.html
https://rillonline.wordpress.com/2009/01/08/twitter/,https://rillonline.wordpress.com/posts/2009/01/08/twitter.html
https://rillonline.wordpress.com/2009/01/09/out-and-about-messages-from-my-twitter-feed-merrill517/,https://rillonline.wordpress.com/posts/2009/01/09/out-and-about-messages-from-my-twitter-feed-merrill517.html
https://rillonline.wordpress.com/2009/01/09/out-and-about-messages-from-my-twitter-feed-merrill517-3/,https://rillonline.wordpress.com/posts/2009/01/09/out-and-about-messages-from-my-twitter-feed-merrill517-3.html
https://rillonline.wordpress.com/2009/01/09/out-and-about-messages-from-my-twitter-feed-merrill517-2/,https://rillonline.wordpress.com/posts/2009/01/09/out-and-about-messages-from-my-twitter-feed-merrill517-2.html
https://rillonline.wordpress.com/2009/01/09/out-and-about-messages-from-my-twitter-feed-merrill517-4/,https://rillonline.wordpress.com/posts/2009/01/09/out-and-about-messages-from-my-twitter-feed-merrill517-4.html
https://rillonline.wordpress.com/2009/01/10/still-experimenting/,https://rillonline.wordpress.com/posts/2009/01/10/still-experimenting.html
https://rillonline.wordpress.com/2009/01/10/weather/,https://rillonline.wordpress.com/posts/2009/01/10/weather.html
https://rillonline.wordpress.com/2009/01/10/still-experimenting-2/,https://rillonline.wordpress.com/posts/2009/01/10/still-experimenting-2.html
https://rillonline.wordpress.com/2009/01/10/im-testing-to-see-if/,https://rillonline.wordpress.com/posts/2009/01/10/im-testing-to-see-if.html
https://rillonline.wordpress.com/2009/01/10/trekker-breeze/,https://rillonline.wordpress.com/posts/2009/01/10/trekker-breeze.html
https://rillonline.wordpress.com/2009/01/10/i-just-take-ellwood/,https://rillonline.wordpress.com/posts/2009/01/10/i-just-take-ellwood.html
https://rillonline.wordpress.com/2009/01/10/out-and-about-messages-from-my-twitter-feed-merrill517-5/,https://rillonline.wordpress.com/posts/2009/01/10/out-and-about-messages-from-my-twitter-feed-merrill517-5.html
https://rillonline.wordpress.com/2009/01/10/out-and-about-messages-from-my-twitter-feed-merrill517-6/,https://rillonline.wordpress.com/posts/2009/01/10/out-and-about-messages-from-my-twitter-feed-merrill517-6.html
https://rillonline.wordpress.com/2009/01/11/miscellaneous/,https://rillonline.wordpress.com/posts/2009/01/11/miscellaneous.html
https://rillonline.wordpress.com/2009/01/11/out-and-about-messages-from-my-twitter-feed-merrill517-7/,https://rillonline.wordpress.com/posts/2009/01/11/out-and-about-messages-from-my-twitter-feed-merrill517-7.html
https://rillonline.wordpress.com/2009/01/12/doings-today/,https://rillonline.wordpress.com/posts/2009/01/12/doings-today.html
https://rillonline.wordpress.com/2009/01/12/doings-today-2/,https://rillonline.wordpress.com/posts/2009/01/12/doings-today-2.html
https://rillonline.wordpress.com/2009/01/13/forecast-today/,https://rillonline.wordpress.com/posts/2009/01/13/forecast-today.html
https://rillonline.wordpress.com/2009/01/13/forecast-today-2/,https://rillonline.wordpress.com/posts/2009/01/13/forecast-today-2.html
https://rillonline.wordpress.com/2009/01/13/out-and-about-messages-from-my-twitter-feed-merrill517-8/,https://rillonline.wordpress.com/posts/2009/01/13/out-and-about-messages-from-my-twitter-feed-merrill517-8.html
https://rillonline.wordpress.com/2009/01/13/out-and-about-messages-from-my-twitter-feed-merrill517-9/,https://rillonline.wordpress.com/posts/2009/01/13/out-and-about-messages-from-my-twitter-feed-merrill517-9.html
https://rillonline.wordpress.com/2009/01/13/hardly-below-zero-well/,https://rillonline.wordpress.com/posts/2009/01/13/hardly-below-zero-well.html
https://rillonline.wordpress.com/2009/01/13/doing-computer-stuff/,https://rillonline.wordpress.com/posts/2009/01/13/doing-computer-stuff.html
https://rillonline.wordpress.com/2009/01/13/doing-computer-stuff-2/,https://rillonline.wordpress.com/posts/2009/01/13/doing-computer-stuff-2.html
https://rillonline.wordpress.com/2009/01/14/out-and-about-messages-from-my-twitter-feed-merrill517-10/,https://rillonline.wordpress.com/posts/2009/01/14/out-and-about-messages-from-my-twitter-feed-merrill517-10.html
https://rillonline.wordpress.com/2009/01/14/out-and-about-messages-from-my-twitter-feed-merrill517-11/,https://rillonline.wordpress.com/posts/2009/01/14/out-and-about-messages-from-my-twitter-feed-merrill517-11.html
https://rillonline.wordpress.com/2009/01/14/out-and-about-messages-from-my-twitter-feed-merrill517-12/,https://rillonline.wordpress.com/posts/2009/01/14/out-and-about-messages-from-my-twitter-feed-merrill517-12.html
https://rillonline.wordpress.com/2009/01/14/out-and-about-messages-from-my-twitter-feed-merrill517-13/,https://rillonline.wordpress.com/posts/2009/01/14/out-and-about-messages-from-my-twitter-feed-merrill517-13.html
https://rillonline.wordpress.com/2009/01/14/out-and-about-messages-from-my-twitter-feed-merrill517-14/,https://rillonline.wordpress.com/posts/2009/01/14/out-and-about-messages-from-my-twitter-feed-merrill517-14.html
https://rillonline.wordpress.com/2009/01/14/out-and-about-messages-from-my-twitter-feed-merrill517-15/,https://rillonline.wordpress.com/posts/2009/01/14/out-and-about-messages-from-my-twitter-feed-merrill517-15.html
https://rillonline.wordpress.com/2009/01/14/cabin-fever-3/,https://rillonline.wordpress.com/posts/2009/01/14/cabin-fever-3.html
https://rillonline.wordpress.com/2009/01/14/baby-its-cold-out-there/,https://rillonline.wordpress.com/posts/2009/01/14/baby-its-cold-out-there.html
https://rillonline.wordpress.com/2009/01/14/baby-its-cold-out-there-2/,https://rillonline.wordpress.com/posts/2009/01/14/baby-its-cold-out-there-2.html
https://rillonline.wordpress.com/2009/01/14/bible-study/,https://rillonline.wordpress.com/posts/2009/01/14/bible-study.html
https://rillonline.wordpress.com/2009/01/15/out-and-about-messages-from-my-twitter-feed-merrill517-16/,https://rillonline.wordpress.com/posts/2009/01/15/out-and-about-messages-from-my-twitter-feed-merrill517-16.html
https://rillonline.wordpress.com/2009/01/15/out-and-about-messages-from-my-twitter-feed-merrill517-17/,https://rillonline.wordpress.com/posts/2009/01/15/out-and-about-messages-from-my-twitter-feed-merrill517-17.html
https://rillonline.wordpress.com/2009/01/15/out-and-about-messages-from-my-twitter-feed-merrill517-18/,https://rillonline.wordpress.com/posts/2009/01/15/out-and-about-messages-from-my-twitter-feed-merrill517-18.html
https://rillonline.wordpress.com/2009/01/16/out-and-about-messages-from-my-twitter-feed-merrill517-19/,https://rillonline.wordpress.com/posts/2009/01/16/out-and-about-messages-from-my-twitter-feed-merrill517-19.html
https://rillonline.wordpress.com/2009/01/16/yesterdays-high/,https://rillonline.wordpress.com/posts/2009/01/16/yesterdays-high.html
https://rillonline.wordpress.com/2009/01/16/out-and-about-messages-from-my-twitter-feed-merrill517-20/,https://rillonline.wordpress.com/posts/2009/01/16/out-and-about-messages-from-my-twitter-feed-merrill517-20.html
https://rillonline.wordpress.com/2009/01/17/out-and-about-messages-from-my-twitter-feed-merrill517-21/,https://rillonline.wordpress.com/posts/2009/01/17/out-and-about-messages-from-my-twitter-feed-merrill517-21.html
https://rillonline.wordpress.com/2009/01/17/out-and-about-messages-from-my-twitter-feed-merrill517-22/,https://rillonline.wordpress.com/posts/2009/01/17/out-and-about-messages-from-my-twitter-feed-merrill517-22.html
https://rillonline.wordpress.com/2009/01/17/on-bones-and-things/,https://rillonline.wordpress.com/posts/2009/01/17/on-bones-and-things.html
https://rillonline.wordpress.com/2009/01/18/out-and-about-messages-from-my-twitter-feed-merrill517-23/,https://rillonline.wordpress.com/posts/2009/01/18/out-and-about-messages-from-my-twitter-feed-merrill517-23.html
https://rillonline.wordpress.com/2009/01/19/out-and-about-messages-from-my-twitter-feed-merrill517-27/,https://rillonline.wordpress.com/posts/2009/01/19/out-and-about-messages-from-my-twitter-feed-merrill517-27.html
https://rillonline.wordpress.com/2009/01/19/out-and-about-messages-from-my-twitter-feed-merrill517-24/,https://rillonline.wordpress.com/posts/2009/01/19/out-and-about-messages-from-my-twitter-feed-merrill517-24.html
https://rillonline.wordpress.com/2009/01/19/out-and-about-messages-from-my-twitter-feed-merrill517-25/,https://rillonline.wordpress.com/posts/2009/01/19/out-and-about-messages-from-my-twitter-feed-merrill517-25.html
https://rillonline.wordpress.com/2009/01/19/out-and-about-messages-from-my-twitter-feed-merrill517-26/,https://rillonline.wordpress.com/posts/2009/01/19/out-and-about-messages-from-my-twitter-feed-merrill517-26.html
https://rillonline.wordpress.com/2009/01/20/out-and-about-messages-from-my-twitter-feed-merrill517-28/,https://rillonline.wordpress.com/posts/2009/01/20/out-and-about-messages-from-my-twitter-feed-merrill517-28.html
https://rillonline.wordpress.com/2009/01/20/out-and-about-messages-from-my-twitter-feed-merrill517-29/,https://rillonline.wordpress.com/posts/2009/01/20/out-and-about-messages-from-my-twitter-feed-merrill517-29.html
https://rillonline.wordpress.com/2009/01/20/out-and-about-messages-from-my-twitter-feed-merrill517-30/,https://rillonline.wordpress.com/posts/2009/01/20/out-and-about-messages-from-my-twitter-feed-merrill517-30.html
https://rillonline.wordpress.com/2009/01/20/inauguration/,https://rillonline.wordpress.com/posts/2009/01/20/inauguration.html
https://rillonline.wordpress.com/2009/01/20/why/,https://rillonline.wordpress.com/posts/2009/01/20/why.html
https://rillonline.wordpress.com/2009/01/20/home/,https://rillonline.wordpress.com/posts/2009/01/20/home.html
https://rillonline.wordpress.com/2009/01/20/women/,https://rillonline.wordpress.com/posts/2009/01/20/women.html
https://rillonline.wordpress.com/2009/01/20/twitter-2/,https://rillonline.wordpress.com/posts/2009/01/20/twitter-2.html
https://rillonline.wordpress.com/2009/01/20/elwood-says/,https://rillonline.wordpress.com/posts/2009/01/20/elwood-says.html
https://rillonline.wordpress.com/2009/01/20/civil-rights/,https://rillonline.wordpress.com/posts/2009/01/20/civil-rights.html
https://rillonline.wordpress.com/2009/01/20/rick-warren/,https://rillonline.wordpress.com/posts/2009/01/20/rick-warren.html
https://rillonline.wordpress.com/2009/01/20/aritha-franklin/,https://rillonline.wordpress.com/posts/2009/01/20/aritha-franklin.html
https://rillonline.wordpress.com/2009/01/20/vice-president/,https://rillonline.wordpress.com/posts/2009/01/20/vice-president.html
https://rillonline.wordpress.com/2009/01/20/running-late/,https://rillonline.wordpress.com/posts/2009/01/20/running-late.html
https://rillonline.wordpress.com/2009/01/20/synphonic-piece/,https://rillonline.wordpress.com/posts/2009/01/20/synphonic-piece.html
https://rillonline.wordpress.com/2009/01/20/synphonic-piece-2/,https://rillonline.wordpress.com/posts/2009/01/20/synphonic-piece-2.html
https://rillonline.wordpress.com/2009/01/20/obama/,https://rillonline.wordpress.com/posts/2009/01/20/obama.html
https://rillonline.wordpress.com/2009/01/20/the-times/,https://rillonline.wordpress.com/posts/2009/01/20/the-times.html
https://rillonline.wordpress.com/2009/01/20/address/,https://rillonline.wordpress.com/posts/2009/01/20/address.html
https://rillonline.wordpress.com/2009/01/20/elizabeth-alexander/,https://rillonline.wordpress.com/posts/2009/01/20/elizabeth-alexander.html
https://rillonline.wordpress.com/2009/01/20/joseph-lowrie/,https://rillonline.wordpress.com/posts/2009/01/20/joseph-lowrie.html
https://rillonline.wordpress.com/2009/01/20/joseph-lowrie-2/,https://rillonline.wordpress.com/posts/2009/01/20/joseph-lowrie-2.html
https://rillonline.wordpress.com/2009/01/20/walker/,https://rillonline.wordpress.com/posts/2009/01/20/walker.html
https://rillonline.wordpress.com/2009/01/20/wasnt-that-a-time/,https://rillonline.wordpress.com/posts/2009/01/20/wasnt-that-a-time.html
https://rillonline.wordpress.com/2009/01/20/lastfm/,https://rillonline.wordpress.com/posts/2009/01/20/lastfm.html
https://rillonline.wordpress.com/2009/01/21/out-and-about-messages-from-my-twitter-feed-merrill517-32/,https://rillonline.wordpress.com/posts/2009/01/21/out-and-about-messages-from-my-twitter-feed-merrill517-32.html
https://rillonline.wordpress.com/2009/01/21/out-and-about-messages-from-my-twitter-feed-merrill517-33/,https://rillonline.wordpress.com/posts/2009/01/21/out-and-about-messages-from-my-twitter-feed-merrill517-33.html
https://rillonline.wordpress.com/2009/01/21/out-and-about-messages-from-my-twitter-feed-merrill517-31/,https://rillonline.wordpress.com/posts/2009/01/21/out-and-about-messages-from-my-twitter-feed-merrill517-31.html
https://rillonline.wordpress.com/2009/01/21/out-and-about-messages-from-my-twitter-feed-merrill517-34/,https://rillonline.wordpress.com/posts/2009/01/21/out-and-about-messages-from-my-twitter-feed-merrill517-34.html
https://rillonline.wordpress.com/2009/01/21/library-journey/,https://rillonline.wordpress.com/posts/2009/01/21/library-journey.html
https://rillonline.wordpress.com/2009/01/22/out-and-about-messages-from-my-twitter-feed-merrill517-35/,https://rillonline.wordpress.com/posts/2009/01/22/out-and-about-messages-from-my-twitter-feed-merrill517-35.html
https://rillonline.wordpress.com/2009/01/22/out-and-about-messages-from-my-twitter-feed-merrill517-36/,https://rillonline.wordpress.com/posts/2009/01/22/out-and-about-messages-from-my-twitter-feed-merrill517-36.html
https://rillonline.wordpress.com/2009/01/22/out-and-about-messages-from-my-twitter-feed-merrill517-37/,https://rillonline.wordpress.com/posts/2009/01/22/out-and-about-messages-from-my-twitter-feed-merrill517-37.html
https://rillonline.wordpress.com/2009/01/22/out-and-about-messages-from-my-twitter-feed-merrill517-38/,https://rillonline.wordpress.com/posts/2009/01/22/out-and-about-messages-from-my-twitter-feed-merrill517-38.html
https://rillonline.wordpress.com/2009/01/23/out-and-about-messages-from-my-twitter-feed-merrill517-39/,https://rillonline.wordpress.com/posts/2009/01/23/out-and-about-messages-from-my-twitter-feed-merrill517-39.html
https://rillonline.wordpress.com/2009/01/23/out-and-about-messages-from-my-twitter-feed-merrill517-40/,https://rillonline.wordpress.com/posts/2009/01/23/out-and-about-messages-from-my-twitter-feed-merrill517-40.html
https://rillonline.wordpress.com/2009/01/24/out-and-about-messages-from-my-twitter-feed-merrill517-41/,https://rillonline.wordpress.com/posts/2009/01/24/out-and-about-messages-from-my-twitter-feed-merrill517-41.html
https://rillonline.wordpress.com/2009/01/24/out-and-about-messages-from-my-twitter-feed-merrill517-42/,https://rillonline.wordpress.com/posts/2009/01/24/out-and-about-messages-from-my-twitter-feed-merrill517-42.html
https://rillonline.wordpress.com/2009/01/24/out-and-about-messages-from-my-twitter-feed-merrill517-43/,https://rillonline.wordpress.com/posts/2009/01/24/out-and-about-messages-from-my-twitter-feed-merrill517-43.html
https://rillonline.wordpress.com/2009/01/25/out-and-about-messages-from-my-twitter-feed-merrill517-44/,https://rillonline.wordpress.com/posts/2009/01/25/out-and-about-messages-from-my-twitter-feed-merrill517-44.html
https://rillonline.wordpress.com/2009/01/25/out-and-about-messages-from-my-twitter-feed-merrill517-45/,https://rillonline.wordpress.com/posts/2009/01/25/out-and-about-messages-from-my-twitter-feed-merrill517-45.html
https://rillonline.wordpress.com/2009/01/26/out-and-about-messages-from-my-twitter-feed-merrill517-46/,https://rillonline.wordpress.com/posts/2009/01/26/out-and-about-messages-from-my-twitter-feed-merrill517-46.html
https://rillonline.wordpress.com/2009/01/26/cheese-making/,https://rillonline.wordpress.com/posts/2009/01/26/cheese-making.html
https://rillonline.wordpress.com/2009/01/26/out-and-about-messages-from-my-twitter-feed-merrill517-47/,https://rillonline.wordpress.com/posts/2009/01/26/out-and-about-messages-from-my-twitter-feed-merrill517-47.html
https://rillonline.wordpress.com/2009/01/26/out-and-about-messages-from-my-twitter-feed-merrill517-48/,https://rillonline.wordpress.com/posts/2009/01/26/out-and-about-messages-from-my-twitter-feed-merrill517-48.html
https://rillonline.wordpress.com/2009/01/26/good-move/,https://rillonline.wordpress.com/posts/2009/01/26/good-move.html
https://rillonline.wordpress.com/2009/01/27/out-and-about-messages-from-my-twitter-feed-merrill517-49/,https://rillonline.wordpress.com/posts/2009/01/27/out-and-about-messages-from-my-twitter-feed-merrill517-49.html
https://rillonline.wordpress.com/2009/01/28/out-and-about-messages-from-my-twitter-feed-merrill517-50/,https://rillonline.wordpress.com/posts/2009/01/28/out-and-about-messages-from-my-twitter-feed-merrill517-50.html
https://rillonline.wordpress.com/2009/01/29/out-and-about-messages-from-my-twitter-feed-merrill517-51/,https://rillonline.wordpress.com/posts/2009/01/29/out-and-about-messages-from-my-twitter-feed-merrill517-51.html
https://rillonline.wordpress.com/2009/01/31/out-and-about-messages-from-my-twitter-feed-merrill517-52/,https://rillonline.wordpress.com/posts/2009/01/31/out-and-about-messages-from-my-twitter-feed-merrill517-52.html
https://rillonline.wordpress.com/2009/02/01/out-and-about-messages-from-my-twitter-feed-merrill517-53/,https://rillonline.wordpress.com/posts/2009/02/01/out-and-about-messages-from-my-twitter-feed-merrill517-53.html
https://rillonline.wordpress.com/2009/02/02/out-and-about-messages-from-my-twitter-feed-merrill517-54/,https://rillonline.wordpress.com/posts/2009/02/02/out-and-about-messages-from-my-twitter-feed-merrill517-54.html
https://rillonline.wordpress.com/2009/02/04/out-and-about-messages-from-my-twitter-feed-merrill517-55/,https://rillonline.wordpress.com/posts/2009/02/04/out-and-about-messages-from-my-twitter-feed-merrill517-55.html
https://rillonline.wordpress.com/2009/02/05/out-and-about-messages-from-my-twitter-feed-merrill517-56/,https://rillonline.wordpress.com/posts/2009/02/05/out-and-about-messages-from-my-twitter-feed-merrill517-56.html
https://rillonline.wordpress.com/2009/02/06/out-and-about-messages-from-my-twitter-feed-merrill517-57/,https://rillonline.wordpress.com/posts/2009/02/06/out-and-about-messages-from-my-twitter-feed-merrill517-57.html
https://rillonline.wordpress.com/2009/02/07/out-and-about-messages-from-my-twitter-feed-merrill517-58/,https://rillonline.wordpress.com/posts/2009/02/07/out-and-about-messages-from-my-twitter-feed-merrill517-58.html
https://rillonline.wordpress.com/2009/02/08/out-and-about-messages-from-my-twitter-feed-merrill517-59/,https://rillonline.wordpress.com/posts/2009/02/08/out-and-about-messages-from-my-twitter-feed-merrill517-59.html
https://rillonline.wordpress.com/2009/02/09/out-and-about-messages-from-my-twitter-feed-merrill517-60/,https://rillonline.wordpress.com/posts/2009/02/09/out-and-about-messages-from-my-twitter-feed-merrill517-60.html
https://rillonline.wordpress.com/2009/02/10/out-and-about-messages-from-my-twitter-feed-merrill517-61/,https://rillonline.wordpress.com/posts/2009/02/10/out-and-about-messages-from-my-twitter-feed-merrill517-61.html
https://rillonline.wordpress.com/2009/02/11/out-and-about-messages-from-my-twitter-feed-merrill517-62/,https://rillonline.wordpress.com/posts/2009/02/11/out-and-about-messages-from-my-twitter-feed-merrill517-62.html
https://rillonline.wordpress.com/2009/02/12/out-and-about-messages-from-my-twitter-feed-merrill517-63/,https://rillonline.wordpress.com/posts/2009/02/12/out-and-about-messages-from-my-twitter-feed-merrill517-63.html
https://rillonline.wordpress.com/2009/02/13/out-and-about-messages-from-my-twitter-feed-merrill517-64/,https://rillonline.wordpress.com/posts/2009/02/13/out-and-about-messages-from-my-twitter-feed-merrill517-64.html
https://rillonline.wordpress.com/2009/02/14/out-and-about-messages-from-my-twitter-feed-merrill517-65/,https://rillonline.wordpress.com/posts/2009/02/14/out-and-about-messages-from-my-twitter-feed-merrill517-65.html
https://rillonline.wordpress.com/2009/02/14/random-thoughts/,https://rillonline.wordpress.com/posts/2009/02/14/random-thoughts.html
https://rillonline.wordpress.com/2009/02/16/out-and-about-messages-from-my-twitter-feed-merrill517-66/,https://rillonline.wordpress.com/posts/2009/02/16/out-and-about-messages-from-my-twitter-feed-merrill517-66.html
https://rillonline.wordpress.com/2009/02/18/out-and-about-messages-from-my-twitter-feed-merrill517-67/,https://rillonline.wordpress.com/posts/2009/02/18/out-and-about-messages-from-my-twitter-feed-merrill517-67.html
https://rillonline.wordpress.com/2009/02/19/out-and-about-messages-from-my-twitter-feed-merrill517-68/,https://rillonline.wordpress.com/posts/2009/02/19/out-and-about-messages-from-my-twitter-feed-merrill517-68.html
https://rillonline.wordpress.com/2009/02/20/out-and-about-messages-from-my-twitter-feed-merrill517-69/,https://rillonline.wordpress.com/posts/2009/02/20/out-and-about-messages-from-my-twitter-feed-merrill517-69.html
https://rillonline.wordpress.com/2009/02/21/out-and-about-messages-from-my-twitter-feed-merrill517-70/,https://rillonline.wordpress.com/posts/2009/02/21/out-and-about-messages-from-my-twitter-feed-merrill517-70.html
https://rillonline.wordpress.com/2009/02/22/out-and-about-messages-from-my-twitter-feed-merrill517-71/,https://rillonline.wordpress.com/posts/2009/02/22/out-and-about-messages-from-my-twitter-feed-merrill517-71.html
https://rillonline.wordpress.com/2009/02/23/out-and-about-messages-from-my-twitter-feed-merrill517-72/,https://rillonline.wordpress.com/posts/2009/02/23/out-and-about-messages-from-my-twitter-feed-merrill517-72.html
https://rillonline.wordpress.com/2009/02/24/out-and-about-messages-from-my-twitter-feed-merrill517-73/,https://rillonline.wordpress.com/posts/2009/02/24/out-and-about-messages-from-my-twitter-feed-merrill517-73.html
https://rillonline.wordpress.com/2009/02/26/out-and-about-messages-from-my-twitter-feed-merrill517-74/,https://rillonline.wordpress.com/posts/2009/02/26/out-and-about-messages-from-my-twitter-feed-merrill517-74.html
https://rillonline.wordpress.com/2009/02/27/out-and-about-messages-from-my-twitter-feed-merrill517-75/,https://rillonline.wordpress.com/posts/2009/02/27/out-and-about-messages-from-my-twitter-feed-merrill517-75.html
https://rillonline.wordpress.com/2009/02/28/out-and-about-messages-from-my-twitter-feed-merrill517-76/,https://rillonline.wordpress.com/posts/2009/02/28/out-and-about-messages-from-my-twitter-feed-merrill517-76.html
https://rillonline.wordpress.com/2009/03/01/out-and-about-messages-from-my-twitter-feed-merrill517-77/,https://rillonline.wordpress.com/posts/2009/03/01/out-and-about-messages-from-my-twitter-feed-merrill517-77.html
https://rillonline.wordpress.com/2009/03/03/out-and-about-messages-from-my-twitter-feed-merrill517-78/,https://rillonline.wordpress.com/posts/2009/03/03/out-and-about-messages-from-my-twitter-feed-merrill517-78.html
https://rillonline.wordpress.com/2009/03/03/up-and-up/,https://rillonline.wordpress.com/posts/2009/03/03/up-and-up.html
https://rillonline.wordpress.com/about/,https://rillonline.wordpress.com/pages/about.html
https://rillonline.wordpress.com/2009/03/04/out-and-about-messages-from-my-twitter-feed-merrill517-79/,https://rillonline.wordpress.com/posts/2009/03/04/out-and-about-messages-from-my-twitter-feed-merrill517-79.html
https://rillonline.wordpress.com/2009/03/05/out-and-about-messages-from-my-twitter-feed-merrill517-80/,https://rillonline.wordpress.com/posts/2009/03/05/out-and-about-messages-from-my-twitter-feed-merrill517-80.html
https://rillonline.wordpress.com/2009/03/06/out-and-about-messages-from-my-twitter-feed-merrill517-81/,https://rillonline.wordpress.com/posts/2009/03/06/out-and-about-messages-from-my-twitter-feed-merrill517-81.html
https://rillonline.wordpress.com/2009/03/07/rainy-day/,https://rillonline.wordpress.com/posts/2009/03/07/rainy-day.html
https://rillonline.wordpress.com/2009/03/09/out-and-about-messages-from-my-twitter-feed-merrill517-82/,https://rillonline.wordpress.com/posts/2009/03/09/out-and-about-messages-from-my-twitter-feed-merrill517-82.html
https://rillonline.wordpress.com/2009/03/10/out-and-about-messages-from-my-twitter-feed-merrill517-83/,https://rillonline.wordpress.com/posts/2009/03/10/out-and-about-messages-from-my-twitter-feed-merrill517-83.html
https://rillonline.wordpress.com/2009/03/11/out-and-about-messages-from-my-twitter-feed-merrill517-84/,https://rillonline.wordpress.com/posts/2009/03/11/out-and-about-messages-from-my-twitter-feed-merrill517-84.html
https://rillonline.wordpress.com/2009/03/12/out-and-about-messages-from-my-twitter-feed-merrill517-85/,https://rillonline.wordpress.com/posts/2009/03/12/out-and-about-messages-from-my-twitter-feed-merrill517-85.html
https://rillonline.wordpress.com/2009/03/13/out-and-about-messages-from-my-twitter-feed-merrill517-86/,https://rillonline.wordpress.com/posts/2009/03/13/out-and-about-messages-from-my-twitter-feed-merrill517-86.html
https://rillonline.wordpress.com/2009/03/14/out-and-about-messages-from-my-twitter-feed-merrill517-87/,https://rillonline.wordpress.com/posts/2009/03/14/out-and-about-messages-from-my-twitter-feed-merrill517-87.html
https://rillonline.wordpress.com/2009/03/15/out-and-about-messages-from-my-twitter-feed-merrill517-88/,https://rillonline.wordpress.com/posts/2009/03/15/out-and-about-messages-from-my-twitter-feed-merrill517-88.html
https://rillonline.wordpress.com/2009/03/17/lion-and-lamb/,https://rillonline.wordpress.com/posts/2009/03/17/lion-and-lamb.html
https://rillonline.wordpress.com/2009/03/18/out-and-about-messages-from-my-twitter-feed-merrill517-89/,https://rillonline.wordpress.com/posts/2009/03/18/out-and-about-messages-from-my-twitter-feed-merrill517-89.html
https://rillonline.wordpress.com/2009/03/19/out-and-about-messages-from-my-twitter-feed-merrill517-90/,https://rillonline.wordpress.com/posts/2009/03/19/out-and-about-messages-from-my-twitter-feed-merrill517-90.html
https://rillonline.wordpress.com/2009/03/21/out-and-about-messages-from-my-twitter-feed-merrill517-91/,https://rillonline.wordpress.com/posts/2009/03/21/out-and-about-messages-from-my-twitter-feed-merrill517-91.html
https://rillonline.wordpress.com/2009/03/22/out-and-about-messages-from-my-twitter-feed-merrill517-92/,https://rillonline.wordpress.com/posts/2009/03/22/out-and-about-messages-from-my-twitter-feed-merrill517-92.html
https://rillonline.wordpress.com/2009/03/24/out-and-about-messages-from-my-twitter-feed-merrill517-93/,https://rillonline.wordpress.com/posts/2009/03/24/out-and-about-messages-from-my-twitter-feed-merrill517-93.html
https://rillonline.wordpress.com/2009/03/25/out-and-about-messages-from-my-twitter-feed-merrill517-94/,https://rillonline.wordpress.com/posts/2009/03/25/out-and-about-messages-from-my-twitter-feed-merrill517-94.html
https://rillonline.wordpress.com/?p=458,https://rillonline.wordpress.com/posts/458.html
https://rillonline.wordpress.com/?p=464,https://rillonline.wordpress.com/posts/464.html
https://rillonline.wordpress.com/?p=465,https://rillonline.wordpress.com/posts/465.html
https://rillonline.wordpress.com/?p=466,https://rillonline.wordpress.com/posts/466.html
https://rillonline.wordpress.com/2016/07/04/quick-note-about-this-blog/,https://rillonline.wordpress.com/posts/2016/07/04/quick-note-about-this-blog.html
https://rillonline.wordpress.com/2016/07/24/preparing-for-a-new-dog/,https://rillonline.wordpress.com/posts/2016/07/24/preparing-for-a-new-dog.html
https://rillonline.wordpress.com/2018/02/23/concert-going/,https://rillonline.wordpress.com/posts/2018/02/23/concert-going.html
https://rillonline.wordpress.com/?p=490,https://rillonline.wordpress.com/posts/490.html
https://rillonline.wordpress.com/2018/03/20/introduction-to-physical-therapy/,https://rillonline.wordpress.com/posts/2018/03/20/introduction-to-physical-therapy.html
https://rillonline.wordpress.com/?p=492,https://rillonline.wordpress.com/posts/492.html
https://rillonline.wordpress.com/2018/04/01/499/,https://rillonline.wordpress.com/posts/2018/04/01/499.html
https://rillonline.wordpress.com/2018/07/16/501/,https://rillonline.wordpress.com/posts/2018/07/16/501.html
https://rillonline.wordpress.com/2018/08/03/503/,https://rillonline.wordpress.com/posts/2018/08/03/503.html
https://rillonline.wordpress.com/2018/04/08/505/,https://rillonline.wordpress.com/posts/2018/04/08/505.html
https://rillonline.wordpress.com/2018/04/07/507/,https://rillonline.wordpress.com/posts/2018/04/07/507.html
https://rillonline.wordpress.com/2018/04/04/510/,https://rillonline.wordpress.com/posts/2018/04/04/510.html
https://rillonline.wordpress.com/2018/04/05/512/,https://rillonline.wordpress.com/posts/2018/04/05/512.html
https://rillonline.wordpress.com/2018/04/03/514/,https://rillonline.wordpress.com/posts/2018/04/03/514.html
https://rillonline.wordpress.com/2018/04/06/516/,https://rillonline.wordpress.com/posts/2018/04/06/516.html
https://rillonline.wordpress.com/2016/12/24/519/,https://rillonline.wordpress.com/posts/2016/12/24/519.html
https://rillonline.wordpress.com/2017/01/16/521/,https://rillonline.wordpress.com/posts/2017/01/16/521.html
https://rillonline.wordpress.com/2019/01/07/494/,https://rillonline.wordpress.com/posts/2019/01/07/494.html
https://rillonline.wordpress.com/2019/01/09/523/,https://rillonline.wordpress.com/posts/2019/01/09/523.html
https://rillonline.wordpress.com/2019/01/10/525/,https://rillonline.wordpress.com/posts/2019/01/10/525.html
https://rillonline.wordpress.com/?p=527,https://rillonline.wordpress.com/posts/527.html
https://rillonline.wordpress.com/tag/twitter-roundup,/categories/twitter-roundup/
https://rillonline.wordpress.com/tag/livejournal,/categories/livejournal/
https://rillonline.wordpress.com/tag/mobile,/categories/mobile/
https://rillonline.wordpress.com/tag/music,/categories/music/
https://rillonline.wordpress.com/tag/move,/categories/move/
https://rillonline.wordpress.com/tag/housekeeping,/categories/housekeeping/
https://rillonline.wordpress.com/tag/trekker-breeze,/categories/trekker-breeze/
https://rillonline.wordpress.com/tag/outings,/categories/outings/
https://rillonline.wordpress.com/tag/guide-dogs,/categories/guide-dogs/
https://rillonline.wordpress.com/tag/blindness,/categories/blindness/
https://rillonline.wordpress.com/tag/image,/categories/image/
https://rillonline.wordpress.com/tag/technology,/categories/technology/
https://rillonline.wordpress.com/tag/welcome,/categories/welcome/
https://rillonline.wordpress.com/tag/winter,/categories/winter/
https://rillonline.wordpress.com/tag/doings,/categories/doings/
